file,accuracy,f1_weighted
c_multi_w.csv,0.43027879341864717,0.4178061083955914
c_multi_grouped.csv,0.3946526508226691,0.39055632250102434
c_multi_grouped_extra.csv,0.398217550274223,0.3896919075928408
