file,accuracy,f1_weighted
c_prof_w.csv,0.7077925045703839,0.6882817342285823
c_prof_grouped.csv,0.6713665447897623,0.6507373817097818
LinearSVM_profession.csv,0.62077239488117,0.6245930238795002
MultinomialNB_profession.csv,0.6473948811700183,0.6234123699861873
RandomForest_profession.csv,0.6343007312614259,0.6173386324453468
LogisticRegression_profession.csv,0.6005255941499086,0.6110352728137859
